year,city,light_intensity,gdp_billions
2019,Austin,137.64015,128.0
2019,Dallas,238.29512,340.0
2019,Memphis,186.19408,104.0
2019,St. Louis,254.89034,138.0
2019,Tulsa,146.2162,49.0
